trial,testing,parameters,initial_deadline,final_deadline,net_reward,actions,success
1,False,"{'a': 0.5, 'e': 0}",25,0,-85.98635284279656,"{0: 15, 1: 3, 2: 5, 3: 2, 4: 0}",0
2,False,"{'a': 0.5, 'e': 0}",25,0,14.088548857676805,"{0: 24, 1: 0, 2: 1, 3: 0, 4: 0}",0
3,False,"{'a': 0.5, 'e': 0}",20,0,-55.293581320212056,"{0: 14, 1: 0, 2: 5, 3: 1, 4: 0}",0
4,False,"{'a': 0.5, 'e': 0}",25,0,-57.28486625625946,"{0: 22, 1: 1, 2: 0, 3: 0, 4: 2}",0
5,False,"{'a': 0.5, 'e': 0}",25,0,-12.534116004002898,"{0: 22, 1: 0, 2: 2, 3: 1, 4: 0}",0
6,False,"{'a': 0.5, 'e': 0}",30,0,-40.581216067045716,"{0: 26, 1: 1, 2: 1, 3: 1, 4: 1}",0
7,False,"{'a': 0.5, 'e': 0}",20,0,-13.248753624606417,"{0: 17, 1: 1, 2: 1, 3: 1, 4: 0}",0
8,False,"{'a': 0.5, 'e': 0}",20,2,9.903759830048783,"{0: 17, 1: 0, 2: 1, 3: 0, 4: 0}",1
