trial,testing,parameters,initial_deadline,final_deadline,net_reward,actions,success
1,False,"{'a': 0.06, 'e': 1.0}",30,0,-99.87585106413205,"{0: 17, 1: 4, 2: 8, 3: 1, 4: 0}",0
2,False,"{'a': 0.06, 'e': 0.25}",20,1,-12.762533601041943,"{0: 16, 1: 1, 2: 2, 3: 0, 4: 0}",1
3,False,"{'a': 0.06, 'e': 0.1111111111111111}",20,10,-36.83013651502574,"{0: 7, 1: 0, 2: 1, 3: 2, 4: 0}",1
4,False,"{'a': 0.06, 'e': 0.0625}",20,10,-28.709228231050435,"{0: 9, 1: 0, 2: 0, 3: 0, 4: 1}",1
5,False,"{'a': 0.06, 'e': 0.04}",20,0,-2.3251963449837474,"{0: 18, 1: 1, 2: 0, 3: 1, 4: 0}",0
6,False,"{'a': 0.06, 'e': 0.027777777777777776}",20,0,-87.13587138164127,"{0: 14, 1: 1, 2: 2, 3: 2, 4: 1}",0
7,False,"{'a': 0.06, 'e': 0.02040816326530612}",30,21,10.642936267531546,"{0: 8, 1: 1, 2: 0, 3: 0, 4: 0}",1
