trial,testing,parameters,initial_deadline,final_deadline,net_reward,actions,success
1,False,"{'a': 0.5, 'e': 0.5}",20,0,-83.21672081182288,"{0: 12, 1: 2, 2: 5, 3: 0, 4: 1}",0
2,False,"{'a': 0.5, 'e': 0.25}",25,0,-197.43628842041886,"{0: 13, 1: 4, 2: 3, 3: 2, 4: 3}",0
3,False,"{'a': 0.5, 'e': 0.125}",30,0,-108.13164852936583,"{0: 22, 1: 2, 2: 4, 3: 0, 4: 2}",0
4,False,"{'a': 0.5, 'e': 0.0625}",20,0,-88.95684645027244,"{0: 16, 1: 0, 2: 1, 3: 1, 4: 2}",0
5,False,"{'a': 0.5, 'e': 0.03125}",25,0,-78.97563978740116,"{0: 20, 1: 2, 2: 1, 3: 0, 4: 2}",0
6,False,"{'a': 0.5, 'e': 0.015625}",20,0,-32.14547208313853,"{0: 18, 1: 0, 2: 1, 3: 0, 4: 1}",0
7,False,"{'a': 0.5, 'e': 0.0078125}",30,0,-17.353450521667558,"{0: 25, 1: 4, 2: 0, 3: 1, 4: 0}",0
