trial,testing,parameters,initial_deadline,final_deadline,net_reward,actions,success
1,False,"{'a': 0.5, 'e': 1.0}",25,0,-211.2344404644635,"{0: 17, 1: 0, 2: 3, 3: 0, 4: 5}",0
2,False,"{'a': 0.5, 'e': 0.25}",20,0,-91.83655763732851,"{0: 14, 1: 3, 2: 1, 3: 0, 4: 2}",0
3,False,"{'a': 0.5, 'e': 0.1111111111111111}",30,10,-2.4850620724483825,"{0: 17, 1: 1, 2: 2, 3: 0, 4: 0}",1
4,False,"{'a': 0.5, 'e': 0.0625}",20,0,-71.65376601962778,"{0: 15, 1: 1, 2: 2, 3: 1, 4: 1}",0
5,False,"{'a': 0.5, 'e': 0.04}",35,13,-74.67331334680284,"{0: 18, 1: 1, 2: 1, 3: 0, 4: 2}",1
6,False,"{'a': 0.5, 'e': 0.027777777777777776}",25,0,-156.79564855510853,"{0: 19, 1: 0, 2: 2, 3: 0, 4: 4}",0
